t,x,y,vx,vy,theta_x,theta_y,dist_x,dist_y
0.000000000000000000e+00,1.199999999999999956e-01,-8.000000000000000167e-02,0.000000000000000000e+00,0.000000000000000000e+00,-1.745329251994329478e-01,1.745329251994329478e-01,0.000000000000000000e+00,0.000000000000000000e+00
5.000000000000000278e-02,1.184853455942036643e-01,-7.848534559420367041e-02,-6.046021578828616322e-02,6.046021578828616322e-02,-1.745323081153475897e-01,1.745329251994194586e-01,0.000000000000000000e+00,0.000000000000000000e+00
1.000000000000000056e-01,1.139665010389731281e-01,-7.396649573820092416e-02,-1.201691711239461502e-01,1.201693827140160736e-01,-1.745329251994329478e-01,1.745329251532647397e-01,0.000000000000000000e+00,0.000000000000000000e+00
1.500000000000000222e-01,1.064807849616504210e-01,-6.648076914761856526e-02,-1.791366214943507229e-01,1.791368304401761147e-01,-1.745329251849820351e-01,1.319182242960801332e-01,0.000000000000000000e+00,0.000000000000000000e+00
2.000000000000000111e-01,9.606504715357720714e-02,-5.643234692370321937e-02,-2.373715664270815984e-01,2.227092813801646032e-01,-1.745329251929883529e-01,-4.558685034439079187e-02,0.000000000000000000e+00,0.000000000000000000e+00
2.500000000000000000e-01,8.275568492929753772e-02,-4.576368616376889908e-02,-2.948831052585232926e-01,2.040759689299518342e-01,-3.872594990137089542e-03,-8.931398819369795739e-02,0.000000000000000000e+00,0.000000000000000000e+00
3.000000000000000444e-01,6.806951906656093232e-02,-3.640140670490586011e-02,-2.925683517177309345e-01,1.704851911342897264e-01,1.083651262256721398e-01,-8.923870666878348790e-02,0.000000000000000000e+00,0.000000000000000000e+00
3.500000000000000333e-01,5.447552038136356523e-02,-2.870755858751667527e-02,-2.512776191837519102e-01,1.373377915542035588e-01,1.249449032774699458e-01,-7.681494876022641749e-02,0.000000000000000000e+00,0.000000000000000000e+00
4.000000000000000222e-01,4.307684191266036855e-02,-2.255277209008467107e-02,-2.047664191752610885e-01,1.089128876735814544e-01,1.123323432928449439e-01,-6.262050513176815880e-02,0.000000000000000000e+00,0.000000000000000000e+00
4.500000000000000111e-01,3.388000946245418865e-02,-1.768687500948977476e-02,-1.631934902434872825e-01,8.577120801846713216e-02,9.313208072441242491e-02,-4.990581620813172581e-02,0.000000000000000000e+00,0.000000000000000000e+00
5.000000000000000000e-01,2.658229622729303687e-02,-1.386013193820934825e-02,-1.287867208775299865e-01,6.733692010557404406e-02,7.473290258368291139e-02,-3.938298478245349371e-02,0.000000000000000000e+00,0.000000000000000000e+00
5.500000000000000444e-01,2.083429352270992074e-02,-1.085767246112686810e-02,-1.011908794001872003e-01,5.279176179039704597e-02,5.913569436420691716e-02,-3.094471983963536024e-02,0.000000000000000000e+00,0.000000000000000000e+00
6.000000000000000888e-01,1.632175365018588217e-02,-8.504386972952970858e-03,-7.935620500550144563e-02,4.136346699794678922e-02,4.651127450300635013e-02,-2.426846899034209443e-02,0.000000000000000000e+00,0.000000000000000000e+00
6.500000000000000222e-01,1.278418973222298673e-02,-6.660748101422980447e-03,-6.218213150453238969e-02,3.240076041481512736e-02,3.648739081923532690e-02,-1.901708068401823659e-02,0.000000000000000000e+00,0.000000000000000000e+00
7.000000000000000666e-01,1.001262673007094657e-02,-5.216660645271714233e-03,-4.870845910247140198e-02,2.537737008733090271e-02,2.859306475740907086e-02,-1.489691661393836679e-02,0.000000000000000000e+00,0.000000000000000000e+00
7.500000000000000000e-01,7.841732315181836055e-03,-4.085623879524399524e-03,-3.814931599792461409e-02,1.987556279221259700e-02,2.239724046882043615e-02,-1.166779718785724076e-02,0.000000000000000000e+00,0.000000000000000000e+00
8.000000000000000444e-01,6.141483309770036543e-03,-3.199801655692813794e-03,-2.987787661113010251e-02,1.556630390210199909e-02,1.754132016408611536e-02,-9.138161833140555357e-03,0.000000000000000000e+00,0.000000000000000000e+00
8.500000000000000888e-01,4.809884678362087371e-03,-2.506037662779470650e-03,-2.339956530501689780e-02,1.219128719194692394e-02,1.373760490003907500e-02,-7.156844233428391946e-03,0.000000000000000000e+00,0.000000000000000000e+00
9.000000000000000222e-01,3.767011540907987902e-03,-1.962692633852845467e-03,-1.832593040521373132e-02,9.548020842615736678e-03,1.075865416986062154e-02,-5.605093151862017981e-03,0.000000000000000000e+00,0.000000000000000000e+00
9.500000000000000666e-01,2.950259143785135055e-03,-1.537153387696407834e-03,-1.435244368617240307e-02,7.477861891651154530e-03,8.425744032576903617e-03,-4.389798501959260926e-03,0.000000000000000000e+00,0.000000000000000000e+00
1.000000000000000000e+00,2.310596547903515791e-03,-1.203877519729489812e-03,-1.124054336024667838e-02,5.856550603409006218e-03,6.598765779904135556e-03,-3.438010985515702056e-03,0.000000000000000000e+00,0.000000000000000000e+00
1.050000000000000044e+00,1.809625086803992849e-03,-9.428607133570722065e-04,-8.803392548201127016e-03,4.586767068729055707e-03,5.167977876526881273e-03,-2.692593462110236431e-03,0.000000000000000000e+00,0.000000000000000000e+00
1.100000000000000089e+00,1.417272822337477863e-03,-7.384360158128128399e-04,-6.894674578656564447e-03,3.592292681995810054e-03,4.047446746526787986e-03,-2.108797937026354007e-03,0.000000000000000000e+00,0.000000000000000000e+00
1.150000000000000133e+00,1.109988678251050713e-03,-5.783333859925316595e-04,-5.399805536365212370e-03,2.813435152062528349e-03,3.169880905343360096e-03,-1.651578212648704969e-03,0.000000000000000000e+00,0.000000000000000000e+00
1.200000000000000178e+00,8.693282207821093326e-04,-4.529431371692547179e-04,-4.229051864699111957e-03,2.203445629129386664e-03,2.482600803851432204e-03,-1.293494541187327658e-03,0.000000000000000000e+00,0.000000000000000000e+00
1.250000000000000000e+00,6.808462970440177803e-04,-3.547391362604496124e-04,-3.312135352742955844e-03,1.725709703523248088e-03,1.944335896185855070e-03,-1.013047834417865308e-03,0.000000000000000000e+00,0.000000000000000000e+00
1.300000000000000044e+00,5.332298232218081859e-04,-2.778270512936380872e-04,-2.594019694158795908e-03,1.351553198145794173e-03,1.522776067474463074e-03,-7.934056604342193137e-04,0.000000000000000000e+00,0.000000000000000000e+00
1.350000000000000089e+00,4.176185834075701094e-04,-2.175905149293490607e-04,-2.031601618183744712e-03,1.058518752902203952e-03,1.192617105043451567e-03,-6.213848419778086538e-04,0.000000000000000000e+00,0.000000000000000000e+00
1.400000000000000133e+00,3.270733973422940946e-04,-1.704140486148194439e-04,-1.591123499273741767e-03,8.290180324836036400e-04,9.340415330407789802e-04,-4.866604324102256603e-04,0.000000000000000000e+00,0.000000000000000000e+00
1.450000000000000178e+00,2.561596032369926911e-04,-1.334660574166965049e-04,-1.246146975505050278e-03,6.492760827735573857e-04,7.315288328596260530e-04,-3.811460640416579489e-04,0.000000000000000000e+00,0.000000000000000000e+00
1.500000000000000000e+00,2.006208519939800463e-04,-1.045288736933209101e-04,-9.759659587548112983e-04,5.085045440670434881e-04,5.729236851653603507e-04,-2.985086050151332165e-04,0.000000000000000000e+00,0.000000000000000000e+00
1.550000000000000044e+00,1.571236301467119169e-04,-8.186564943744153099e-05,-7.643637588644796102e-04,3.982541175849105709e-04,4.487062804004260191e-04,-2.337880346885374888e-04,0.000000000000000000e+00,0.000000000000000000e+00
1.600000000000000089e+00,1.230571752494891667e-04,-6.411610815212438936e-05,-5.986397000323124846e-04,3.119074251420693835e-04,3.514208677741026497e-04,-1.830997333057891819e-04,0.000000000000000000e+00,0.000000000000000000e+00
1.650000000000000133e+00,9.637677311368898043e-05,-5.021489914102446344e-05,-4.688467908588586836e-04,2.442818238288185328e-04,2.752282205489581940e-04,-1.434013194952726638e-04,0.000000000000000000e+00,0.000000000000000000e+00
1.700000000000000178e+00,7.548103070538700874e-05,-3.932765369517992064e-05,-3.671946834890095252e-04,1.913183360592438011e-04,2.155551424514226251e-04,-1.123100410192998957e-04,0.000000000000000000e+00,0.000000000000000000e+00
1.750000000000000000e+00,5.911575811029581840e-05,-3.080090515706276357e-05,-2.875820820876289429e-04,1.498380239217450213e-04,1.688199707070784229e-04,-8.795975801773251563e-05,0.000000000000000000e+00,0.000000000000000000e+00
1.800000000000000044e+00,4.629869025716703993e-05,-2.412286698139063748e-05,-2.252305328111395928e-04,1.173511849120670986e-04,1.322175961478724523e-04,-6.888893440816210077e-05,0.000000000000000000e+00,0.000000000000000000e+00
1.850000000000000089e+00,3.626053001006377286e-05,-1.889271463103813067e-05,-1.763976136625225563e-04,9.190791660985226860e-05,1.035510950347339192e-04,-5.395291435485101731e-05,0.000000000000000000e+00,0.000000000000000000e+00
1.900000000000000133e+00,2.839877391503142686e-05,-1.479652756225904761e-05,-1.381523089075037446e-04,7.198108092964650292e-05,8.109986592411290831e-05,-4.225521841927163660e-05,0.000000000000000000e+00,0.000000000000000000e+00
1.950000000000000178e+00,2.224154914078920299e-05,-1.158844730320146175e-05,-1.081990854338209051e-04,5.637464327310713055e-05,6.351635648906941750e-05,-3.309373564036752690e-05,0.000000000000000000e+00,0.000000000000000000e+00
2.000000000000000000e+00,1.741929104905785432e-05,-9.075920707739114644e-06,-8.474011174164488647e-05,4.415188496092917436e-05,4.974518146252463195e-05,-2.591858189339307387e-05,0.000000000000000000e+00,0.000000000000000000e+00
2.050000000000000266e+00,1.364256144035924989e-05,-7.108142664861029681e-06,-6.636734969853806784e-05,3.457918015214828079e-05,3.895977693833134242e-05,-2.029909511611471858e-05,0.000000000000000000e+00,0.000000000000000000e+00
2.100000000000000089e+00,1.068467609509368243e-05,-5.567004579686141587e-06,-5.197804223120939735e-05,2.708196266387563709e-05,3.051278888157587664e-05,-1.589798640540389813e-05,0.000000000000000000e+00,0.000000000000000000e+00
2.149999999999999911e+00,8.368098891137607149e-06,-4.360005342009663667e-06,-4.070852439872709621e-05,2.121023976051213903e-05,2.389721807418044322e-05,-1.245109549571358075e-05,0.000000000000000000e+00,0.000000000000000000e+00
2.200000000000000178e+00,6.553785854643229593e-06,-3.414699289423430459e-06,-3.188238509369646428e-05,1.661158300415864258e-05,1.871598935150427858e-05,-9.751535515124430746e-06,0.000000000000000000e+00,0.000000000000000000e+00
2.250000000000000000e+00,5.132839559845223940e-06,-2.674347924504823751e-06,-2.496986796544203700e-05,1.300997504143418606e-05,1.465811862948572683e-05,-7.637275365724915382e-06,0.000000000000000000e+00,0.000000000000000000e+00
2.300000000000000266e+00,4.019972963973891290e-06,-2.094514396471991049e-06,-1.955607475397042961e-05,1.018924268310336654e-05,1.148004723319691897e-05,-5.981414406229855074e-06,0.000000000000000000e+00,0.000000000000000000e+00
2.350000000000000089e+00,3.148390368089782953e-06,-1.640396343660870319e-06,-1.531606255659982713e-05,7.980081908301836868e-06,8.991023187453912587e-06,-4.684565710441608596e-06,0.000000000000000000e+00,0.000000000000000000e+00
2.400000000000000355e+00,2.465778252427373921e-06,-1.284737010560011130e-06,-1.199534033240799156e-05,6.249896017195761522e-06,7.041652034821362899e-06,-3.668890734731059090e-06,0.000000000000000000e+00,0.000000000000000000e+00
2.450000000000000178e+00,1.931165350961512965e-06,-1.006189261931687225e-06,-9.394594019147715160e-06,4.894837004766146489e-06,5.514929985889199256e-06,-2.873427347481115224e-06,0.000000000000000000e+00,0.000000000000000000e+00
2.500000000000000000e+00,1.512463502785606836e-06,-7.880343000204084421e-07,-7.357723444200209581e-06,3.833572468618649672e-06,4.319221199679200577e-06,-2.250430802725990893e-06,0.000000000000000000e+00,0.000000000000000000e+00
2.550000000000000266e+00,1.184541679002927498e-06,-6.171781805905846571e-07,-5.762472989371639570e-06,3.002403932521074460e-06,3.382757681349789610e-06,-1.762508038460041382e-06,0.000000000000000000e+00,0.000000000000000000e+00
2.600000000000000089e+00,9.277175857212195167e-07,-4.833658973819886309e-07,-4.513093649837707303e-06,2.351443581101637665e-06,2.649331673873094670e-06,-1.380373296471321382e-06,0.000000000000000000e+00,0.000000000000000000e+00
2.650000000000000355e+00,7.265763072018716509e-07,-3.785658633108803708e-07,-3.534596054469846938e-06,1.841619928356026317e-06,2.074921995418448766e-06,-1.081090353084071578e-06,0.000000000000000000e+00,0.000000000000000000e+00
2.700000000000000178e+00,5.690450825902948562e-07,-2.964878441787628535e-07,-2.768249506351224578e-06,1.442332696296115688e-06,1.625051830820193098e-06,-8.466958572145754528e-07,0.000000000000000000e+00,0.000000000000000000e+00
2.750000000000000000e+00,4.456686831246510958e-07,-2.322054106436554252e-07,-2.168056890044132264e-06,1.129616146509696222e-06,1.272719388336222245e-06,-6.631211467009988550e-07,0.000000000000000000e+00,0.000000000000000000e+00
2.800000000000000266e+00,3.490418970215017261e-07,-1.818602475306870902e-07,-1.697993864962096087e-06,8.847006254051568409e-07,9.967772170259147338e-07,-5.193478289225525098e-07,0.000000000000000000e+00,0.000000000000000000e+00
2.850000000000000089e+00,2.733650590438687780e-07,-1.424305727426718137e-07,-1.329846637645451854e-06,6.928859852177955170e-07,7.806629092694867297e-07,-4.067464425594773551e-07,0.000000000000000000e+00,0.000000000000000000e+00
2.900000000000000355e+00,2.140959470589178977e-07,-1.115497659728112097e-07,-1.041518533223039548e-06,5.426592620428888115e-07,6.114050035449212019e-07,-3.185585061133876902e-07,0.000000000000000000e+00,0.000000000000000000e+00
2.950000000000000178e+00,1.676771519643988830e-07,-8.736432107922716095e-08,-8.157037242788631923e-07,4.250036527847684752e-07,4.788444204549376483e-07,-2.494908650672659110e-07,0.000000000000000000e+00,0.000000000000000000e+00
3.000000000000000000e+00,1.313225573726303325e-07,-6.842259623829818142e-08,-6.388485126072510839e-07,3.328573149206128745e-07,3.750247015830871432e-07,-1.953979898746069669e-07,0.000000000000000000e+00,0.000000000000000000e+00
3.050000000000000266e+00,1.028501132852582345e-07,-5.358768451646964593e-08,-5.003378186379081010e-07,2.606895055376599252e-07,2.937144525227398758e-07,-1.530331558902711447e-07,0.000000000000000000e+00,0.000000000000000000e+00
3.100000000000000089e+00,8.055086661749049412e-08,-4.196917523906145350e-08,-3.918580505692505933e-07,2.041686189581809521e-07,2.300333264890883354e-07,-1.198535707392134726e-07,0.000000000000000000e+00,0.000000000000000000e+00
3.150000000000000355e+00,6.308638761371945655e-08,-3.286971038477502236e-08,-3.068981117876672190e-07,1.599021981391921583e-07,1.801590995647032147e-07,-9.386775261460120795e-08,0.000000000000000000e+00,0.000000000000000000e+00
3.200000000000000178e+00,4.940843555473657895e-08,-2.574312825126530806e-08,-2.403585963897168998e-07,1.252333149933420017e-07,1.410982558542639972e-07,-7.351599895248796753e-08,0.000000000000000000e+00,0.000000000000000000e+00
3.250000000000000000e+00,3.869604198791802597e-08,-2.016168212020679323e-08,-1.882457162147863589e-07,9.808109811329499913e-08,1.105063127714256123e-07,-5.757677105759930231e-08,0.000000000000000000e+00,0.000000000000000000e+00
3.300000000000000266e+00,3.030623513411705182e-08,-1.579036634354205332e-08,-1.474315884910617203e-07,7.681583616644849076e-08,8.654710214808887462e-08,-4.509337576384800139e-08,0.000000000000000000e+00,0.000000000000000000e+00
3.350000000000000089e+00,2.373544788614716918e-08,-1.236680886925461923e-08,-1.154664962478995799e-07,6.016116050347131809e-08,6.778256103545085793e-08,-3.531654346759728029e-08,0.000000000000000000e+00,0.000000000000000000e+00
3.400000000000000355e+00,1.858929305678739098e-08,-9.685523329939923129e-09,-9.043185312063919180e-08,4.711743585374516787e-08,5.308641729752121635e-08,-2.765945599261670777e-08,0.000000000000000000e+00,0.000000000000000000e+00
3.450000000000000178e+00,1.455889174742751721e-08,-7.585575484071073513e-09,-7.082504730441769780e-08,3.690176091772188806e-08,4.157658929429672081e-08,-2.166252500076695950e-08,0.000000000000000000e+00,0.000000000000000000e+00
3.500000000000000000e+00,1.140233403528602514e-08,-5.940923733740777976e-09,-5.546925284148765368e-08,2.890097761379917388e-08,3.256224219575204221e-08,-1.696580690285883629e-08,0.000000000000000000e+00,0.000000000000000000e+00
3.550000000000000266e+00,8.930159225561572364e-09,-4.652853944204949783e-09,-4.344279499833055577e-08,2.263486853366360061e-08,2.550232317782381993e-08,-1.328739857680031828e-08,0.000000000000000000e+00,0.000000000000000000e+00
3.600000000000000089e+00,6.993984174388557152e-09,-3.644054493268500782e-09,-3.402383015073545497e-08,1.772733366955766170e-08,1.997308672899120387e-08,-1.040651717596780265e-08,0.000000000000000000e+00,0.000000000000000000e+00
3.650000000000000355e+00,5.477597139766735341e-09,-2.853975927279919506e-09,-2.664701979167272315e-08,1.388381640319465241e-08,1.564266089415333121e-08,-8.150248455916499470e-09,0.000000000000000000e+00,0.000000000000000000e+00
3.700000000000000178e+00,4.289982601827062587e-09,-2.235196704258813910e-09,-2.086959817962908450e-08,1.087362383484863066e-08,1.225112788872530762e-08,-6.383168236782510619e-09,0.000000000000000000e+00,0.000000000000000000e+00
3.750000000000000000e+00,3.359858393084130589e-09,-1.750576891337402953e-09,-1.634479696357209071e-08,8.516080295802691096e-09,9.594923495528914740e-09,-4.999214068068205584e-09,0.000000000000000000e+00,0.000000000000000000e+00
3.800000000000000266e+00,2.631397250135734325e-09,-1.371028977738544635e-09,-1.280103169600861048e-08,6.669682959983365420e-09,7.514618876012067372e-09,-3.915319222569735338e-09,0.000000000000000000e+00,0.000000000000000000e+00
3.850000000000000089e+00,2.060875988784126954e-09,-1.073772004589145845e-09,-1.002560098161076593e-08,5.223608660502833317e-09,5.885351444233040488e-09,-3.066426923491947152e-09,0.000000000000000000e+00,0.000000000000000000e+00
3.900000000000000355e+00,1.614051181716432350e-09,-8.409642221721641294e-10,-7.851919863132195189e-09,4.091062139203730460e-09,4.609330452234160637e-09,-2.401585552185174609e-09,0.000000000000000000e+00,0.000000000000000000e+00
3.950000000000000178e+00,1.264103823509148174e-09,-6.586322049290479927e-10,-6.149521175851191639e-09,3.204066482502359611e-09,3.609967462301972457e-09,-1.880890465798721886e-09,0.000000000000000000e+00,0.000000000000000000e+00
4.000000000000000000e+00,9.900296190800646324e-10,-5.158321483037976314e-10,-4.816224738844550861e-09,2.509383058721566159e-09,2.827279409434037069e-09,-1.473088868774037743e-09,0.000000000000000000e+00,0.000000000000000000e+00
4.049999999999999822e+00,7.753782786091894308e-10,-4.039930073756037973e-10,-3.772004367778692522e-09,1.965316066251185267e-09,2.214288339849039807e-09,-1.153703979452361771e-09,0.000000000000000000e+00,0.000000000000000000e+00
4.100000000000000533e+00,6.072661497719588430e-10,-3.164020516074202715e-10,-2.954184599357989192e-09,1.539209897365293959e-09,1.734201733168230498e-09,-9.035659018399522746e-10,0.000000000000000000e+00,0.000000000000000000e+00
4.150000000000000355e+00,4.756029241886073634e-10,-2.478019580381233772e-10,-2.313678828591424509e-09,1.205489106221186368e-09,1.358204167542501293e-09,-7.076610235455638111e-10,0.000000000000000000e+00,0.000000000000000000e+00
4.200000000000000178e+00,3.724860040061450390e-10,-1.940752599282064040e-10,-1.812043066988953906e-09,9.441233373729221779e-10,1.063727780596603853e-09,-5.542308792593795468e-10,0.000000000000000000e+00,0.000000000000000000e+00
4.250000000000000000e+00,2.917261777083695531e-10,-1.519972110567674580e-10,-1.419168484426914118e-09,7.394250778145440532e-10,8.330977170098827319e-10,-4.340663923888578303e-10,0.000000000000000000e+00,0.000000000000000000e+00
4.299999999999999822e+00,2.284761355997988668e-10,-1.190422322638237303e-10,-1.111474238047380355e-09,5.791080720686403287e-10,6.524712607372290123e-10,-3.399551343174050503e-10,0.000000000000000000e+00,0.000000000000000000e+00
4.350000000000000533e+00,1.789395279802483134e-10,-9.323232290796175958e-11,-8.704921194341992518e-10,4.535498851706125720e-10,5.110069772079080547e-10,-2.662484250686518552e-10,0.000000000000000000e+00,0.000000000000000000e+00
4.400000000000000355e+00,1.401431033037055995e-10,-7.301833869807212402e-11,-6.817580687504357543e-10,3.552143516208731776e-10,4.002139963377310843e-10,-2.085222921956275937e-10,0.000000000000000000e+00,0.000000000000000000e+00
4.450000000000000178e+00,1.097582497577673974e-10,-5.718701004038876503e-11,-5.339440230756246474e-10,2.781992449407699164e-10,3.134423794754740812e-10,-1.633119382069847813e-10,0.000000000000000000e+00,0.000000000000000000e+00
4.500000000000000000e+00,8.596122895738608294e-11,-4.478812002122243822e-11,-4.181779913521578583e-10,2.178820183713168693e-10,2.454839814456175562e-10,-1.279037789201962603e-10,0.000000000000000000e+00,0.000000000000000000e+00
4.549999999999999822e+00,6.732371279764527944e-11,-3.507747115330370669e-11,-3.275115459557401915e-10,1.706423536112255710e-10,1.922598509086013647e-10,-1.001725706134972408e-10,0.000000000000000000e+00,0.000000000000000000e+00
4.600000000000000533e+00,5.272705334525560411e-11,-2.747221767575478102e-11,-2.565027690421649455e-10,1.336448646090380730e-10,1.505754064021750937e-10,-7.845385013664929104e-11,0.000000000000000000e+00,0.000000000000000000e+00
4.650000000000000355e+00,4.129514013628001700e-11,-2.151588239430342197e-11,-2.008896215683018494e-10,1.046689140086563212e-10,1.179286934117022812e-10,-6.144403167022697240e-11,0.000000000000000000e+00,0.000000000000000000e+00
4.700000000000000178e+00,3.234181488786813525e-11,-1.685095832703928957e-11,-1.573341301715989095e-10,8.197532761023576722e-11,9.236021380972600790e-11,-4.812216381115796810e-11,0.000000000000000000e+00,0.000000000000000000e+00
4.750000000000000000e+00,2.532968738668033569e-11,-1.319745067089579764e-11,-1.232220376722515144e-10,6.420200687521918146e-11,7.233531423262467088e-11,-3.768865074311222798e-11,0.000000000000000000e+00,0.000000000000000000e+00
4.800000000000000711e+00,1.983788063011959836e-11,-1.033607114980801520e-11,-9.650589196089533867e-11,5.028217400244970295e-11,5.665207419194542709e-11,-2.951725945679417546e-11,0.000000000000000000e+00,0.000000000000000000e+00
4.850000000000000533e+00,1.553676924184302639e-11,-8.095076047489559365e-12,-7.558215526300531568e-11,3.938034253861470186e-11,4.436916524518472855e-11,-2.311753243113730829e-11,0.000000000000000000e+00,0.000000000000000000e+00
4.900000000000000355e+00,1.216819492843294746e-11,-6.339957926456065667e-12,-5.919495771839342753e-11,3.084217039587572216e-11,3.474935123971878624e-11,-1.810534973570089231e-11,0.000000000000000000e+00,0.000000000000000000e+00
4.950000000000000178e+00,9.529971483233363711e-12,-4.965372316878773870e-12,-4.636071844060633815e-11,2.415518538965190587e-11,2.721523844112405494e-11,-1.417987365340610633e-11,0.000000000000000000e+00,0.000000000000000000e+00
5.000000000000000000e+00,7.463749307551340272e-12,-3.888814804644576943e-12,-3.630910971427772059e-11,1.891802599231071525e-11,2.131461961110365217e-11,-1.110549200991599532e-11,0.000000000000000000e+00,0.000000000000000000e+00
5.050000000000000711e+00,5.845511062019719879e-12,-3.045669009233342311e-12,-2.843682092486171233e-11,1.481635109284091073e-11,1.669333194154738567e-11,-8.697676424830662344e-12,0.000000000000000000e+00,0.000000000000000000e+00
5.100000000000000533e+00,4.578127984768180341e-12,-2.385328224611150876e-12,-2.227134707174240194e-11,1.160397283498576222e-11,1.307399974267030098e-11,-6.811906678561245081e-12,0.000000000000000000e+00,0.000000000000000000e+00
5.150000000000000355e+00,3.585530096948578812e-12,-1.868157938987212186e-12,-1.744262840423051371e-11,9.088080102269569780e-12,1.023938599375272102e-11,-5.334996420993055266e-12,0.000000000000000000e+00,0.000000000000000000e+00
5.200000000000000178e+00,2.808140383776332583e-12,-1.463116919924041080e-12,-1.366083895455480136e-11,7.117665744291567092e-12,8.019353494927040400e-12,-4.178299579703019620e-12,0.000000000000000000e+00,0.000000000000000000e+00
5.250000000000000000e+00,2.199298904702118189e-12,-1.145894079238589586e-12,-1.069899080674216650e-11,5.574462931374253124e-12,6.280653011404742615e-12,-3.272389707526155090e-12,0.000000000000000000e+00,0.000000000000000000e+00
5.300000000000000711e+00,1.722462203160707377e-12,-8.974492899051596755e-13,-8.379309987003937767e-12,4.365846625796910257e-12,4.918925481289889594e-12,-2.562892916999535237e-12,0.000000000000000000e+00,0.000000000000000000e+00
5.350000000000000533e+00,1.349009920831603927e-12,-7.028705728948773848e-13,-6.562566238869739831e-12,3.419274106695573658e-12,3.852438249103523917e-12,-2.007224288995816445e-12,0.000000000000000000e+00,0.000000000000000000e+00
5.400000000000000355e+00,1.056526966549813277e-12,-5.504790608211197734e-13,-5.139716242309807354e-12,2.677930861711099688e-12,3.017179365617064045e-12,-1.572031870551814031e-12,0.000000000000000000e+00,0.000000000000000000e+00
5.450000000000000178e+00,8.274581334130092673e-13,-4.311280171460860577e-13,-4.025358692000484710e-12,2.097320506145437871e-12,2.363015507496769789e-12,-1.231194847321711255e-12,0.000000000000000000e+00,0.000000000000000000e+00
5.500000000000000000e+00,6.480544124559833012e-13,-3.376538371705939751e-13,-3.152608400027538610e-12,1.642594052143493848e-12,1.850682910105438962e-12,-9.642557383645371634e-13,0.000000000000000000e+00,0.000000000000000000e+00
5.550000000000000711e+00,5.075477592701934418e-13,-2.644460791732635204e-13,-2.469081760012006744e-12,1.286458227167157405e-12,1.449430705338266644e-12,-7.551925115602674626e-13,0.000000000000000000e+00,0.000000000000000000e+00
5.600000000000000533e+00,3.975047819887980564e-13,-2.071107184094582377e-13,-1.933752614999929449e-12,1.007537296318840916e-12,1.135175214568612588e-12,-5.914569204265350823e-13,0.000000000000000000e+00,0.000000000000000000e+00
5.650000000000000355e+00,3.113205581503613751e-13,-1.622064120375082153e-13,-1.514489814221817072e-12,7.890900629621280558e-13,8.890544149678068791e-13,-4.632213420624272385e-13,0.000000000000000000e+00,0.000000000000000000e+00
5.700000000000000178e+00,2.438221986717730308e-13,-1.270379452504488901e-13,-1.186128659679520453e-12,6.180050403499199097e-13,6.962958163900009849e-13,-3.627889104541582232e-13,0.000000000000000000e+00,0.000000000000000000e+00
5.750000000000000000e+00,1.909583643249951862e-13,-9.949446098175324235e-14,-9.289604882790433766e-13,4.840134831557712862e-13,5.453297973215472171e-13,-2.841315405773722416e-13,0.000000000000000000e+00,0.000000000000000000e+00
5.800000000000000711e+00,1.495560990932000135e-13,-7.792276352182765055e-14,-7.275497322666524420e-13,3.790730440385033810e-13,4.270951811667816245e-13,-2.225281149024331575e-13,0.000000000000000000e+00,0.000000000000000000e+00
5.850000000000000533e+00,1.171303852284168605e-13,-6.102809156373276610e-14,-5.698074563988092249e-13,2.968850615063771958e-13,3.344953726567238396e-13,-1.742811157867423131e-13,0.000000000000000000e+00,0.000000000000000000e+00
5.900000000000000355e+00,9.173498925782782283e-14,-4.779640494742037522e-14,-4.462657643432169020e-13,2.325165060713011243e-13,2.619724109813050011e-13,-1.364946956621138800e-13,0.000000000000000000e+00,0.000000000000000000e+00
5.950000000000000178e+00,7.184564652223271546e-14,-3.743352065191239446e-14,-3.495095232405108748e-13,1.821038934100906428e-13,2.051733737608076640e-13,-1.069008645015255778e-13,0.000000000000000000e+00,0.000000000000000000e+00
6.000000000000000000e+00,5.626857283091848913e-14,-2.931744489859963076e-14,-2.737312977964850865e-13,1.426213930160493663e-13,1.606891089894039673e-13,-8.372336211117397426e-14,0.000000000000000000e+00,0.000000000000000000e+00
6.050000000000000711e+00,4.406881198359887608e-14,-2.296104027657133876e-14,-2.143827804708675611e-13,1.116992139208774115e-13,1.258496133027033996e-13,-6.557104468597262346e-14,0.000000000000000000e+00,0.000000000000000000e+00
6.100000000000000533e+00,3.451411848460217618e-14,-1.798278712233594908e-14,-1.679017961497069441e-13,8.748136676198315531e-14,9.856377490701196106e-14,-5.135438655103945763e-14,0.000000000000000000e+00,0.000000000000000000e+00
6.150000000000000355e+00,2.703100721690651462e-14,-1.408388421395777002e-14,-1.314984957671477622e-13,6.851426488968513432e-14,7.719386233276121591e-14,-4.022008541519756467e-14,0.000000000000000000e+00,0.000000000000000000e+00
6.200000000000000178e+00,2.117033212035906722e-14,-1.103031433352154447e-14,-1.029879059399970527e-13,5.365947820803721262e-14,6.045722566400384110e-14,-3.149984605887688689e-14,0.000000000000000000e+00,0.000000000000000000e+00
6.250000000000000000e+00,1.658032786162667670e-14,-8.638798249684023536e-15,-8.065878402660403584e-14,4.202540312144989431e-14,4.734931022407280308e-14,-2.467026838679985432e-14,0.000000000000000000e+00,0.000000000000000000e+00
6.300000000000000711e+00,1.298549642188472275e-14,-6.765794060097080277e-15,-6.317090712030589949e-14,3.291374732853506727e-14,3.708336189879686288e-14,-1.932143227427681498e-14,0.000000000000000000e+00,0.000000000000000000e+00
6.350000000000000533e+00,1.017007134780732380e-14,-5.298881619942826848e-15,-4.947463012938664548e-14,2.577761741097309133e-14,2.904320513243691493e-14,-1.513229362876387995e-14,0.000000000000000000e+00,0.000000000000000000e+00
6.400000000000000355e+00,7.965067168720497184e-15,-4.150014938788283281e-15,-3.874788471500043424e-14,2.018869358003539662e-14,2.274625927031102329e-14,-1.185141490633615656e-14,0.000000000000000000e+00,0.000000000000000000e+00
6.450000000000000178e+00,6.238136669110720889e-15,-3.250237545852504807e-15,-3.034683768146401808e-14,1.581152136640296146e-14,1.781457344094447994e-14,-9.281873503640125730e-15,0.000000000000000000e+00,0.000000000000000000e+00
6.500000000000000000e+00,4.885627236807718325e-15,-2.545543633043834871e-15,-2.376724727140021973e-14,1.238337720710402159e-14,1.395214145373912268e-14,-7.269442207404003560e-15,0.000000000000000000e+00,0.000000000000000000e+00
6.550000000000000711e+00,3.826359498539187582e-15,-1.993636556195286005e-15,-1.861419792036234334e-14,9.698499435940696339e-15,1.092713512285057609e-14,-5.693332276728674433e-15,0.000000000000000000e+00,0.000000000000000000e+00
6.600000000000000533e+00,2.996754828480845936e-15,-1.561390135530926356e-15,-1.457839691159189543e-14,7.595738200963594556e-15,8.557989638288505639e-15,-4.458943545933413342e-15,0.000000000000000000e+00,0.000000000000000000e+00
6.650000000000000355e+00,2.347019276534736934e-15,-1.222860379319046437e-15,-1.141761022533357350e-14,5.948883040996096230e-15,6.702505810136579520e-15,-3.492186399709956267e-15,0.000000000000000000e+00,0.000000000000000000e+00
6.700000000000000178e+00,1.838154870753334566e-15,-9.577282917826546567e-16,-8.942123338265371028e-15,4.659087569785045842e-15,5.249315088432232004e-15,-2.735034818155821991e-15,0.000000000000000000e+00,0.000000000000000000e+00
6.750000000000000000e+00,1.439618908398088076e-15,-7.500803005750268425e-16,-7.003354311336551757e-15,3.648936587479259968e-15,4.111195078110734463e-15,-2.142043579674324436e-15,0.000000000000000000e+00,0.000000000000000000e+00
6.800000000000000711e+00,1.127490743240761265e-15,-5.874531034929506047e-16,-5.484935708751994758e-15,2.857799519758558175e-15,3.219834337536398938e-15,-1.677620579732800315e-15,0.000000000000000000e+00,0.000000000000000000e+00
6.850000000000000533e+00,8.830360372997255424e-16,-4.600856048864872054e-16,-4.295730073294161732e-15,2.238191291993414779e-15,2.521732237026965917e-15,-1.313890546508354547e-15,0.000000000000000000e+00,0.000000000000000000e+00
6.900000000000000355e+00,6.915823015351318693e-16,-3.603330420166976358e-16,-3.364359737737494220e-15,1.752922213374290291e-15,1.974987781553597435e-15,-1.029021930858162289e-15,0.000000000000000000e+00,0.000000000000000000e+00
6.950000000000000178e+00,5.416382339946192429e-16,-2.822081364641726245e-16,-2.634922644529480507e-15,1.372865803353352777e-15,1.546784658582377126e-15,-8.059165483769039146e-16,0.000000000000000000e+00,0.000000000000000000e+00
7.000000000000000000e+00,4.242039969409293860e-16,-2.210217298997812856e-16,-2.063637031669875244e-15,1.075210582441632444e-15,1.211421560362139206e-15,-6.311833241552778090e-16,0.000000000000000000e+00,0.000000000000000000e+00
7.050000000000000711e+00,3.322310348985586385e-16,-1.731013347097228022e-16,-1.616213594475261589e-15,8.420908975740007526e-16,9.487695580425756842e-16,-4.943345430666034459e-16,0.000000000000000000e+00,0.000000000000000000e+00
7.100000000000000533e+00,2.601990111968167217e-16,-1.355707065177446648e-16,-1.265797396964195077e-15,6.595146024015997602e-16,7.430639372137425623e-16,-3.871563634795127872e-16,0.000000000000000000e+00,0.000000000000000000e+00
7.150000000000000355e+00,2.037844701909721209e-16,-1.061772082609373286e-16,-9.913560037103476404e-16,5.165232304897543039e-16,5.819579792660391426e-16,-3.032158118120491851e-16,0.000000000000000000e+00,0.000000000000000000e+00
7.200000000000000178e+00,1.596013378375330964e-16,-8.315660398665011127e-17,-7.764170857434219597e-16,4.045342539256038508e-16,4.557818952987209534e-16,-2.374746670997356636e-16,0.000000000000000000e+00,0.000000000000000000e+00
7.250000000000000000e+00,1.249976851310568716e-16,-6.512716711856318591e-17,-6.080797299639295932e-16,3.168259488425676037e-16,3.569624328273513834e-16,-1.859870604277260307e-16,0.000000000000000000e+00,0.000000000000000000e+00
7.300000000000000711e+00,9.789655587992493960e-17,-5.100674743247321901e-17,-4.762401095784210017e-16,2.481339488211882181e-16,2.795683193306930177e-16,-1.456626387521958954e-16,0.000000000000000000e+00,0.000000000000000000e+00
7.350000000000000533e+00,7.667130509739411893e-17,-3.994781899393493320e-17,-3.729850392887132880e-16,1.943352707773021525e-16,2.189542595682344965e-16,-1.140810778957270936e-16,0.000000000000000000e+00,0.000000000000000000e+00
7.400000000000000355e+00,6.004796565619690324e-17,-3.128661055059181600e-17,-2.921170156296860770e-16,1.522008481608562754e-16,1.714821189248055033e-16,-8.934681154576283139e-17,0.000000000000000000e+00,0.000000000000000000e+00
7.450000000000000178e+00,4.702878312645748874e-17,-2.450326511925512115e-17,-2.287822347596675929e-16,1.192017181864530589e-16,1.343025578444017481e-16,-6.997525690185501549e-17,0.000000000000000000e+00,0.000000000000000000e+00
7.500000000000000000e+00,3.683232925855376289e-17,-1.919063749438807084e-17,-1.791792608479208946e-16,9.335723020140780825e-17,1.051840107682498020e-16,-5.480370808725098028e-17,0.000000000000000000e+00,0.000000000000000000e+00
7.550000000000000711e+00,2.884659964436346977e-17,-1.502985686391694388e-17,-1.403308589573543546e-16,7.311616446036387682e-17,8.237874467076982434e-17,-4.292154903161205382e-17,0.000000000000000000e+00,0.000000000000000000e+00
7.600000000000000533e+00,2.259228041758835204e-17,-1.177118776882166385e-17,-1.099052975356515863e-16,5.726362590087168987e-17,6.451795785277574621e-17,-3.361559711142326098e-17,0.000000000000000000e+00,0.000000000000000000e+00
7.650000000000000355e+00,1.769397921278665440e-17,-9.219040656435517375e-18,-8.607639485817507969e-17,4.484812456338007319e-17,5.052962268517737391e-17,-2.632729700238141395e-17,0.000000000000000000e+00,0.000000000000000000e+00
7.700000000000000178e+00,1.385769362789921334e-17,-7.220232341389188780e-18,-6.741390922832500244e-17,3.512446592771271499e-17,3.957414111792965439e-17,-2.061919546316975480e-17,0.000000000000000000e+00,0.000000000000000000e+00
7.750000000000000000e+00,1.085316481811749824e-17,-5.654791751813232929e-18,-5.279769401277635781e-17,2.750902336982960659e-17,3.099395091428666129e-17,-1.614868482358611500e-17,0.000000000000000000e+00,0.000000000000000000e+00
7.800000000000000711e+00,8.500057060871840976e-18,-4.428759109741140549e-18,-4.135046498528093920e-17,2.154470813361944623e-17,2.427405791106314191e-17,-1.264743922707009755e-17,0.000000000000000000e+00,0.000000000000000000e+00
7.850000000000000533e+00,6.657133771475268938e-18,-3.468546343165662194e-18,-3.238514458766288550e-17,1.687353426991994526e-17,1.901112539989353068e-17,-9.905309364190800449e-18,0.000000000000000000e+00,0.000000000000000000e+00
7.900000000000000355e+00,5.213780299819652231e-18,-2.716520234353203833e-18,-2.536362264214342458e-17,1.321513185476283998e-17,1.488926533399073723e-17,-7.757709038073308649e-18,0.000000000000000000e+00,0.000000000000000000e+00
7.950000000000000178e+00,4.083364695368505015e-18,-2.127543199239858854e-18,-1.986445827937173982e-17,1.034991882228810452e-17,1.166107831718475237e-17,-6.075736487037168602e-18,0.000000000000000000e+00,0.000000000000000000e+00
